<?xml version="1.0"?>
<!--
** DO NOT EDIT THIS FILE.
** If you make changes to this file while any VirtualBox related application
** is running, your changes will be overwritten later, without taking effect.
** Use VBoxManage or the VirtualBox Manager GUI to make changes.
-->
<VirtualPC xmlns="virtualpc.html" version="1.12-windows">
  <Global>
    <ExtraData>
      <ExtraDataItem name="GUI/LastItemSelected" value="m=f822deb0-c49f-405a-893f-7993e571f870"/>
      <ExtraDataItem name="GUI/LastWindowPosition" value="0,-8,1366,715,max"/>
      <ExtraDataItem name="GUI/MediumSelector/DialogGeometry" value="341,105,683,558"/>
      <ExtraDataItem name="GUI/Settings/ExpertMode" value="true"/>
      <ExtraDataItem name="GUI/SuppressMessages" value="confirmResetMachine,confirmInputCapture,confirmGoingFullscreen,confirmGoingScale"/>
      <ExtraDataItem name="GUI/Tools/LastItemsSelected" value="Welcome,Details"/>
      <ExtraDataItem name="HostOnly/{1b623d8c-9ebd-4091-aba7-ada250710350}/IPAddress" value="192.168.81.2"/>
      <ExtraDataItem name="HostOnly/{1b623d8c-9ebd-4091-aba7-ada250710350}/IPNetMask" value="255.255.255.0"/>
      <ExtraDataItem name="HostOnly/{1b623d8c-9ebd-4091-aba7-ada250710350}/IPV6Address" value="fe80::16ce:2a1a:e1df:6120"/>
      <ExtraDataItem name="HostOnly/{1b623d8c-9ebd-4091-aba7-ada250710350}/IPV6PrefixLen" value="64"/>
      <ExtraDataItem name="HostOnly/{1b623d8c-9ebd-4091-aba7-ada250710350}/Name" value="VirtualBox Host-Only Ethernet Adapter #3"/>
      <ExtraDataItem name="HostOnly/{1d459183-26d2-421f-8d63-92fbf69d3041}/IPAddress" value="192.168.56.1"/>
      <ExtraDataItem name="HostOnly/{1d459183-26d2-421f-8d63-92fbf69d3041}/IPNetMask" value="255.255.255.0"/>
      <ExtraDataItem name="HostOnly/{1d459183-26d2-421f-8d63-92fbf69d3041}/IPV6Address" value="fe80::e208:97fc:9ba4:8cad"/>
      <ExtraDataItem name="HostOnly/{1d459183-26d2-421f-8d63-92fbf69d3041}/IPV6PrefixLen" value="64"/>
      <ExtraDataItem name="HostOnly/{1d459183-26d2-421f-8d63-92fbf69d3041}/Name" value="VirtualBox Host-Only Ethernet Adapter"/>
      <ExtraDataItem name="HostOnly/{e9b4dde0-91e4-48af-9ea6-b2e889e5d5cc}/IPAddress" value="192.168.81.1"/>
      <ExtraDataItem name="HostOnly/{e9b4dde0-91e4-48af-9ea6-b2e889e5d5cc}/IPNetMask" value="255.255.255.0"/>
      <ExtraDataItem name="HostOnly/{e9b4dde0-91e4-48af-9ea6-b2e889e5d5cc}/IPV6Address" value="fe80::a880:8c61:5600:1a7c"/>
      <ExtraDataItem name="HostOnly/{e9b4dde0-91e4-48af-9ea6-b2e889e5d5cc}/IPV6PrefixLen" value="64"/>
      <ExtraDataItem name="HostOnly/{e9b4dde0-91e4-48af-9ea6-b2e889e5d5cc}/Name" value="VirtualPC Host-Only Ethernet Adapter #2"/>
    </ExtraData>
    <MachineRegistry>
    </MachineRegistry>
    <MediaRegistry>
      <HardDisks>
      </HardDisks>
    </MediaRegistry>
    <NetserviceRegistry>
      <DHCPServers>
        <DHCPServer networkName="HostInterfaceNetworking-VirtualBox Host-Only Ethernet Adapter" IPAddress="192.168.56.100" networkMask="255.255.255.0" lowerIP="192.168.56.101" upperIP="192.168.56.254" enabled="1"/>
      </DHCPServers>
    </NetserviceRegistry>
    <Updates enabled="false">
      <Host enabled="false" channel="1" checkFreqSec="86400" repoUrl="update.VirtualPC.html" checkCount="0"/>
    </Updates>
    <SystemProperties defaultMachineFolder="C:\Users\danie\VirtualBox VMs" defaultHardDiskFormat="VDI" VRDEAuthLibrary="VBoxAuth" webServiceAuthLibrary="VBoxAuth" LogHistoryCount="3" proxyMode="0" exclusiveHwVirt="false"/>
    <USBDeviceFilters/>
  </Global>
</VirtualPC>
